"","geo_type","region","transportation_type","alternative_name","sub-region","country","date","value"
"1","city","Bangalore","walking","बैंगलोर|ಬೆಂಗಳೂರು",NA,"India",2020-01-13,100
"2","city","Bangalore","walking","बैंगलोर|ಬೆಂಗಳೂರು",NA,"India",2020-01-14,106.31
"3","city","Bangalore","walking","बैंगलोर|ಬೆಂಗಳೂರು",NA,"India",2020-01-15,107.82
"4","city","Bangalore","walking","बैंगलोर|ಬೆಂಗಳೂರು",NA,"India",2020-01-16,111.02
"5","city","Bangalore","walking","बैंगलोर|ಬೆಂಗಳೂರು",NA,"India",2020-01-17,120.65
"6","city","Bangalore","walking","बैंगलोर|ಬೆಂಗಳೂರು",NA,"India",2020-01-18,137.24
"7","city","Bangalore","walking","बैंगलोर|ಬೆಂಗಳೂರು",NA,"India",2020-01-19,123.47
"8","city","Bangalore","walking","बैंगलोर|ಬೆಂಗಳೂರು",NA,"India",2020-01-20,107.37
"9","city","Bangalore","walking","बैंगलोर|ಬೆಂಗಳೂರು",NA,"India",2020-01-21,107.13
"10","city","Bangalore","walking","बैंगलोर|ಬೆಂಗಳೂರು",NA,"India",2020-01-22,109.46
"11","city","Bangalore","walking","बैंगलोर|ಬೆಂಗಳೂರು",NA,"India",2020-01-23,109.79
"12","city","Bangalore","walking","बैंगलोर|ಬೆಂಗಳೂರು",NA,"India",2020-01-24,116.88
"13","city","Bangalore","walking","बैंगलोर|ಬೆಂಗಳೂರು",NA,"India",2020-01-25,140.84
"14","city","Bangalore","walking","बैंगलोर|ಬೆಂಗಳೂರು",NA,"India",2020-01-26,120.32
"15","city","Bangalore","walking","बैंगलोर|ಬೆಂಗಳೂರು",NA,"India",2020-01-27,115.2
"16","city","Bangalore","walking","बैंगलोर|ಬೆಂಗಳೂರು",NA,"India",2020-01-28,106.88
"17","city","Bangalore","walking","बैंगलोर|ಬೆಂಗಳೂರು",NA,"India",2020-01-29,114.75
"18","city","Bangalore","walking","बैंगलोर|ಬೆಂಗಳೂರು",NA,"India",2020-01-30,110.65
"19","city","Bangalore","walking","बैंगलोर|ಬೆಂಗಳೂರು",NA,"India",2020-01-31,119.91
"20","city","Bangalore","walking","बैंगलोर|ಬೆಂಗಳೂರು",NA,"India",2020-02-01,143.75
"21","city","Bangalore","walking","बैंगलोर|ಬೆಂಗಳೂರು",NA,"India",2020-02-02,130.27
"22","city","Bangalore","walking","बैंगलोर|ಬೆಂಗಳೂರು",NA,"India",2020-02-03,111.59
"23","city","Bangalore","walking","बैंगलोर|ಬೆಂಗಳೂರು",NA,"India",2020-02-04,117.78
"24","city","Bangalore","walking","बैंगलोर|ಬೆಂಗಳೂರು",NA,"India",2020-02-05,112.66
"25","city","Bangalore","walking","बैंगलोर|ಬೆಂಗಳೂರು",NA,"India",2020-02-06,116.51
"26","city","Bangalore","walking","बैंगलोर|ಬೆಂಗಳೂರು",NA,"India",2020-02-07,135.4
"27","city","Bangalore","walking","बैंगलोर|ಬೆಂಗಳೂರು",NA,"India",2020-02-08,141.46
"28","city","Bangalore","walking","बैंगलोर|ಬೆಂಗಳೂರು",NA,"India",2020-02-09,129.05
"29","city","Bangalore","walking","बैंगलोर|ಬೆಂಗಳೂರು",NA,"India",2020-02-10,114.79
"30","city","Bangalore","walking","बैंगलोर|ಬೆಂಗಳೂರು",NA,"India",2020-02-11,105.08
"31","city","Bangalore","walking","बैंगलोर|ಬೆಂಗಳೂರು",NA,"India",2020-02-12,114.5
"32","city","Bangalore","walking","बैंगलोर|ಬೆಂಗಳೂರು",NA,"India",2020-02-13,111.22
"33","city","Bangalore","walking","बैंगलोर|ಬೆಂಗಳೂರು",NA,"India",2020-02-14,132.94
"34","city","Bangalore","walking","बैंगलोर|ಬೆಂಗಳೂರು",NA,"India",2020-02-15,133.47
"35","city","Bangalore","walking","बैंगलोर|ಬೆಂಗಳೂರು",NA,"India",2020-02-16,123.35
"36","city","Bangalore","walking","बैंगलोर|ಬೆಂಗಳೂರು",NA,"India",2020-02-17,102.95
"37","city","Bangalore","walking","बैंगलोर|ಬೆಂಗಳೂರು",NA,"India",2020-02-18,103.36
"38","city","Bangalore","walking","बैंगलोर|ಬೆಂಗಳೂರು",NA,"India",2020-02-19,107.29
"39","city","Bangalore","walking","बैंगलोर|ಬೆಂಗಳೂರು",NA,"India",2020-02-20,111.35
"40","city","Bangalore","walking","बैंगलोर|ಬೆಂಗಳೂರು",NA,"India",2020-02-21,118.48
"41","city","Bangalore","walking","बैंगलोर|ಬೆಂಗಳೂರು",NA,"India",2020-02-22,126.42
"42","city","Bangalore","walking","बैंगलोर|ಬೆಂಗಳೂರು",NA,"India",2020-02-23,117.29
"43","city","Bangalore","walking","बैंगलोर|ಬೆಂಗಳೂರು",NA,"India",2020-02-24,105.86
"44","city","Bangalore","walking","बैंगलोर|ಬೆಂಗಳೂರು",NA,"India",2020-02-25,109.22
"45","city","Bangalore","walking","बैंगलोर|ಬೆಂಗಳೂರು",NA,"India",2020-02-26,110.45
"46","city","Bangalore","walking","बैंगलोर|ಬೆಂಗಳೂರು",NA,"India",2020-02-27,105.78
"47","city","Bangalore","walking","बैंगलोर|ಬೆಂಗಳೂರು",NA,"India",2020-02-28,129.91
"48","city","Bangalore","walking","बैंगलोर|ಬೆಂಗಳೂರು",NA,"India",2020-02-29,142.61
"49","city","Bangalore","walking","बैंगलोर|ಬೆಂಗಳೂರು",NA,"India",2020-03-01,132.08
"50","city","Bangalore","walking","बैंगलोर|ಬೆಂಗಳೂರು",NA,"India",2020-03-02,102.05
"51","city","Bangalore","walking","बैंगलोर|ಬೆಂಗಳೂರು",NA,"India",2020-03-03,107.29
"52","city","Bangalore","walking","बैंगलोर|ಬೆಂಗಳೂರು",NA,"India",2020-03-04,106.68
"53","city","Bangalore","walking","बैंगलोर|ಬೆಂಗಳೂರು",NA,"India",2020-03-05,96.27
"54","city","Bangalore","walking","बैंगलोर|ಬೆಂಗಳೂರು",NA,"India",2020-03-06,122.61
"55","city","Bangalore","walking","बैंगलोर|ಬೆಂಗಳೂರು",NA,"India",2020-03-07,125.69
"56","city","Bangalore","walking","बैंगलोर|ಬೆಂಗಳೂರು",NA,"India",2020-03-08,118.39
"57","city","Bangalore","walking","बैंगलोर|ಬೆಂಗಳೂರು",NA,"India",2020-03-09,99.59
"58","city","Bangalore","walking","बैंगलोर|ಬೆಂಗಳೂರು",NA,"India",2020-03-10,96.15
"59","city","Bangalore","walking","बैंगलोर|ಬೆಂಗಳೂರು",NA,"India",2020-03-11,94.47
"60","city","Bangalore","walking","बैंगलोर|ಬೆಂಗಳೂರು",NA,"India",2020-03-12,88.41
"61","city","Bangalore","walking","बैंगलोर|ಬೆಂಗಳೂರು",NA,"India",2020-03-13,89.96
"62","city","Bangalore","walking","बैंगलोर|ಬೆಂಗಳೂರು",NA,"India",2020-03-14,96.35
"63","city","Bangalore","walking","बैंगलोर|ಬೆಂಗಳೂರು",NA,"India",2020-03-15,81.32
"64","city","Bangalore","walking","बैंगलोर|ಬೆಂಗಳೂರು",NA,"India",2020-03-16,81.07
"65","city","Bangalore","walking","बैंगलोर|ಬೆಂಗಳೂರು",NA,"India",2020-03-17,77.96
"66","city","Bangalore","walking","बैंगलोर|ಬೆಂಗಳೂರು",NA,"India",2020-03-18,70.34
"67","city","Bangalore","walking","बैंगलोर|ಬೆಂಗಳೂರು",NA,"India",2020-03-19,63.5
"68","city","Bangalore","walking","बैंगलोर|ಬೆಂಗಳೂರು",NA,"India",2020-03-20,56.49
"69","city","Bangalore","walking","बैंगलोर|ಬೆಂಗಳೂರು",NA,"India",2020-03-21,39.98
"70","city","Bangalore","walking","बैंगलोर|ಬೆಂಗಳೂರು",NA,"India",2020-03-22,31.46
"71","city","Bangalore","walking","बैंगलोर|ಬೆಂಗಳೂರು",NA,"India",2020-03-23,35.27
"72","city","Bangalore","walking","बैंगलोर|ಬೆಂಗಳೂರು",NA,"India",2020-03-24,24.01
"73","city","Bangalore","walking","बैंगलोर|ಬೆಂಗಳೂರು",NA,"India",2020-03-25,19.62
"74","city","Bangalore","walking","बैंगलोर|ಬೆಂಗಳೂರು",NA,"India",2020-03-26,23.27
"75","city","Bangalore","walking","बैंगलोर|ಬೆಂಗಳೂರು",NA,"India",2020-03-27,25.65
"76","city","Bangalore","walking","बैंगलोर|ಬೆಂಗಳೂರು",NA,"India",2020-03-28,24.01
"77","city","Bangalore","walking","बैंगलोर|ಬೆಂಗಳೂರು",NA,"India",2020-03-29,22.94
"78","city","Bangalore","walking","बैंगलोर|ಬೆಂಗಳೂರು",NA,"India",2020-03-30,22.04
"79","city","Bangalore","walking","बैंगलोर|ಬೆಂಗಳೂರು",NA,"India",2020-03-31,20.03
"80","city","Bangalore","walking","बैंगलोर|ಬೆಂಗಳೂರು",NA,"India",2020-04-01,19.62
"81","city","Bangalore","walking","बैंगलोर|ಬೆಂಗಳೂರು",NA,"India",2020-04-02,21.59
"82","city","Bangalore","walking","बैंगलोर|ಬೆಂಗಳೂರು",NA,"India",2020-04-03,21.63
"83","city","Bangalore","walking","बैंगलोर|ಬೆಂಗಳೂರು",NA,"India",2020-04-04,22.57
"84","city","Bangalore","walking","बैंगलोर|ಬೆಂಗಳೂರು",NA,"India",2020-04-05,19.83
"85","city","Bangalore","walking","बैंगलोर|ಬೆಂಗಳೂರು",NA,"India",2020-04-06,20.77
"86","city","Bangalore","walking","बैंगलोर|ಬೆಂಗಳೂರು",NA,"India",2020-04-07,19.21
"87","city","Bangalore","walking","बैंगलोर|ಬೆಂಗಳೂರು",NA,"India",2020-04-08,21.3
"88","city","Bangalore","walking","बैंगलोर|ಬೆಂಗಳೂರು",NA,"India",2020-04-09,22.53
"89","city","Bangalore","walking","बैंगलोर|ಬೆಂಗಳೂರು",NA,"India",2020-04-10,21.96
"90","city","Bangalore","walking","बैंगलोर|ಬೆಂಗಳೂರು",NA,"India",2020-04-11,19.71
"91","city","Bangalore","walking","बैंगलोर|ಬೆಂಗಳೂರು",NA,"India",2020-04-12,23.92
"92","city","Bangalore","walking","बैंगलोर|ಬೆಂಗಳೂರು",NA,"India",2020-04-13,20.03
"93","city","Bangalore","walking","बैंगलोर|ಬೆಂಗಳೂರು",NA,"India",2020-04-14,26.01
"94","city","Bangalore","walking","बैंगलोर|ಬೆಂಗಳೂರು",NA,"India",2020-04-15,21.14
"95","city","Bangalore","walking","बैंगलोर|ಬೆಂಗಳೂರು",NA,"India",2020-04-16,20.69
"96","city","Bangalore","walking","बैंगलोर|ಬೆಂಗಳೂರು",NA,"India",2020-04-17,28.02
"97","city","Bangalore","walking","बैंगलोर|ಬೆಂಗಳೂರು",NA,"India",2020-04-18,21.38
"98","city","Bangalore","walking","बैंगलोर|ಬೆಂಗಳೂರು",NA,"India",2020-04-19,21.55
"99","city","Bangalore","walking","बैंगलोर|ಬೆಂಗಳೂರು",NA,"India",2020-04-20,22.49
"100","city","Bangalore","walking","बैंगलोर|ಬೆಂಗಳೂರು",NA,"India",2020-04-21,22.16
"101","city","Bangalore","walking","बैंगलोर|ಬೆಂಗಳೂರು",NA,"India",2020-04-22,23.51
"102","city","Bangalore","walking","बैंगलोर|ಬೆಂಗಳೂರು",NA,"India",2020-04-23,23.31
"103","city","Bangalore","walking","बैंगलोर|ಬೆಂಗಳೂರು",NA,"India",2020-04-24,22.33
"104","city","Bangalore","walking","बैंगलोर|ಬೆಂಗಳೂರು",NA,"India",2020-04-25,24.17
"105","city","Bangalore","walking","बैंगलोर|ಬೆಂಗಳೂರು",NA,"India",2020-04-26,24.17
"106","city","Bangalore","walking","बैंगलोर|ಬೆಂಗಳೂರು",NA,"India",2020-04-27,20.93
"107","city","Bangalore","walking","बैंगलोर|ಬೆಂಗಳೂರು",NA,"India",2020-04-28,22.49
"108","city","Bangalore","walking","बैंगलोर|ಬೆಂಗಳೂರು",NA,"India",2020-04-29,25.69
"109","city","Bangalore","walking","बैंगलोर|ಬೆಂಗಳೂರು",NA,"India",2020-04-30,23.43
"110","city","Bangalore","walking","बैंगलोर|ಬೆಂಗಳೂರು",NA,"India",2020-05-01,25.03
"111","city","Bangalore","walking","बैंगलोर|ಬೆಂಗಳೂರು",NA,"India",2020-05-02,27.65
"112","city","Bangalore","walking","बैंगलोर|ಬೆಂಗಳೂರು",NA,"India",2020-05-03,32.73
"113","city","Bangalore","walking","बैंगलोर|ಬೆಂಗಳೂರು",NA,"India",2020-05-04,39.61
"114","city","Bangalore","walking","बैंगलोर|ಬೆಂಗಳೂರು",NA,"India",2020-05-05,34.45
"115","city","Bangalore","walking","बैंगलोर|ಬೆಂಗಳೂರು",NA,"India",2020-05-06,31.42
"116","city","Bangalore","walking","बैंगलोर|ಬೆಂಗಳೂರು",NA,"India",2020-05-07,34.66
"117","city","Bangalore","walking","बैंगलोर|ಬೆಂಗಳೂರು",NA,"India",2020-05-08,36.99
"118","city","Bangalore","walking","बैंगलोर|ಬೆಂಗಳೂರು",NA,"India",2020-05-09,36.62
"119","city","Bangalore","walking","बैंगलोर|ಬೆಂಗಳೂರು",NA,"India",2020-05-10,37.28
"120","city","Bangalore","walking","बैंगलोर|ಬೆಂಗಳೂರು",NA,"India",2020-05-11,NA
"121","city","Bangalore","walking","बैंगलोर|ಬೆಂಗಳೂರು",NA,"India",2020-05-12,NA
"122","city","Bangalore","walking","बैंगलोर|ಬೆಂಗಳೂರು",NA,"India",2020-05-13,39.86
"123","city","Bangalore","walking","बैंगलोर|ಬೆಂಗಳೂರು",NA,"India",2020-05-14,37.44
"124","city","Bangalore","walking","बैंगलोर|ಬೆಂಗಳೂರು",NA,"India",2020-05-15,38.71
"125","city","Bangalore","walking","बैंगलोर|ಬೆಂಗಳೂರು",NA,"India",2020-05-16,43.02
"126","city","Bangalore","walking","बैंगलोर|ಬೆಂಗಳೂರು",NA,"India",2020-05-17,44.74
"127","city","Bangalore","walking","बैंगलोर|ಬೆಂಗಳೂರು",NA,"India",2020-05-18,45.27
"128","city","Bangalore","walking","बैंगलोर|ಬೆಂಗಳೂರು",NA,"India",2020-05-19,44.57
"129","city","Bangalore","walking","बैंगलोर|ಬೆಂಗಳೂರು",NA,"India",2020-05-20,44.78
"130","city","Bangalore","walking","बैंगलोर|ಬೆಂಗಳೂರು",NA,"India",2020-05-21,42.56
"131","city","Bangalore","walking","बैंगलोर|ಬೆಂಗಳೂರು",NA,"India",2020-05-22,45.84
"132","city","Bangalore","walking","बैंगलोर|ಬೆಂಗಳೂರು",NA,"India",2020-05-23,39.16
"133","city","Bangalore","walking","बैंगलोर|ಬೆಂಗಳೂರು",NA,"India",2020-05-24,37.53
"134","city","Bangalore","walking","बैंगलोर|ಬೆಂಗಳೂರು",NA,"India",2020-05-25,50.88
"135","city","Bangalore","walking","बैंगलोर|ಬೆಂಗಳೂರು",NA,"India",2020-05-26,49.53
"136","city","Bangalore","walking","बैंगलोर|ಬೆಂಗಳೂರು",NA,"India",2020-05-27,46.95
"137","city","Bangalore","walking","बैंगलोर|ಬೆಂಗಳೂರು",NA,"India",2020-05-28,49
"138","city","Bangalore","walking","बैंगलोर|ಬೆಂಗಳೂರು",NA,"India",2020-05-29,53.67
"139","city","Bangalore","walking","बैंगलोर|ಬೆಂಗಳೂರು",NA,"India",2020-05-30,46.95
"140","city","Bangalore","walking","बैंगलोर|ಬೆಂಗಳೂರು",NA,"India",2020-05-31,47.69
"141","city","Bangalore","walking","बैंगलोर|ಬೆಂಗಳೂರು",NA,"India",2020-06-01,54.24
"142","city","Bangalore","walking","बैंगलोर|ಬೆಂಗಳೂರು",NA,"India",2020-06-02,57.8
"143","city","Bangalore","walking","बैंगलोर|ಬೆಂಗಳೂರು",NA,"India",2020-06-03,55.71
"144","city","Bangalore","walking","बैंगलोर|ಬೆಂಗಳೂರು",NA,"India",2020-06-04,54.16
"145","city","Bangalore","walking","बैंगलोर|ಬೆಂಗಳೂರು",NA,"India",2020-06-05,58.66
"146","city","Bangalore","walking","बैंगलोर|ಬೆಂಗಳೂರು",NA,"India",2020-06-06,58.42
"147","city","Bangalore","walking","बैंगलोर|ಬೆಂಗಳೂರು",NA,"India",2020-06-07,53.13
"148","city","Bangalore","walking","बैंगलोर|ಬೆಂಗಳೂರು",NA,"India",2020-06-08,56.86
"149","city","Bangalore","walking","बैंगलोर|ಬೆಂಗಳೂರು",NA,"India",2020-06-09,60.63
"150","city","Bangalore","walking","बैंगलोर|ಬೆಂಗಳೂರು",NA,"India",2020-06-10,52.72
"151","city","Bangalore","walking","बैंगलोर|ಬೆಂಗಳೂರು",NA,"India",2020-06-11,55.88
"152","city","Bangalore","walking","बैंगलोर|ಬೆಂಗಳೂರು",NA,"India",2020-06-12,57.44
"153","city","Bangalore","walking","बैंगलोर|ಬೆಂಗಳೂರು",NA,"India",2020-06-13,53.75
"154","city","Bangalore","walking","बैंगलोर|ಬೆಂಗಳೂರು",NA,"India",2020-06-14,54.69
"155","city","Bangalore","walking","बैंगलोर|ಬೆಂಗಳೂರು",NA,"India",2020-06-15,56.78
"156","city","Bangalore","walking","बैंगलोर|ಬೆಂಗಳೂರು",NA,"India",2020-06-16,55.55
"157","city","Bangalore","walking","बैंगलोर|ಬೆಂಗಳೂರು",NA,"India",2020-06-17,53.63
"158","city","Bangalore","walking","बैंगलोर|ಬೆಂಗಳೂರು",NA,"India",2020-06-18,55.8
"159","city","Bangalore","walking","बैंगलोर|ಬೆಂಗಳೂರು",NA,"India",2020-06-19,59.28
"160","city","Bangalore","walking","बैंगलोर|ಬೆಂಗಳೂರು",NA,"India",2020-06-20,53.3
"161","city","Bangalore","walking","बैंगलोर|ಬೆಂಗಳೂರು",NA,"India",2020-06-21,48.71
"162","city","Bangalore","walking","बैंगलोर|ಬೆಂಗಳೂರು",NA,"India",2020-06-22,63.38
"163","city","Chennai","walking","चेन्नई|சென்னை",NA,"India",2020-01-13,100
"164","city","Chennai","walking","चेन्नई|சென்னை",NA,"India",2020-01-14,92.59
"165","city","Chennai","walking","चेन्नई|சென்னை",NA,"India",2020-01-15,89.96
"166","city","Chennai","walking","चेन्नई|சென்னை",NA,"India",2020-01-16,92.1
"167","city","Chennai","walking","चेन्नई|சென்னை",NA,"India",2020-01-17,97.37
"168","city","Chennai","walking","चेन्नई|சென்னை",NA,"India",2020-01-18,113.58
"169","city","Chennai","walking","चेन्नई|சென்னை",NA,"India",2020-01-19,119.84
"170","city","Chennai","walking","चेन्नई|சென்னை",NA,"India",2020-01-20,107.24
"171","city","Chennai","walking","चेन्नई|சென்னை",NA,"India",2020-01-21,122.8
"172","city","Chennai","walking","चेन्नई|சென்னை",NA,"India",2020-01-22,108.07
"173","city","Chennai","walking","चेन्नई|சென்னை",NA,"India",2020-01-23,105.1
"174","city","Chennai","walking","चेन्नई|சென்னை",NA,"India",2020-01-24,126.67
"175","city","Chennai","walking","चेन्नई|சென்னை",NA,"India",2020-01-25,138.27
"176","city","Chennai","walking","चेन्नई|சென்னை",NA,"India",2020-01-26,134.81
"177","city","Chennai","walking","चेन्नई|சென்னை",NA,"India",2020-01-27,117.61
"178","city","Chennai","walking","चेन्नई|சென்னை",NA,"India",2020-01-28,121.07
"179","city","Chennai","walking","चेन्नई|சென்னை",NA,"India",2020-01-29,134.07
"180","city","Chennai","walking","चेन्नई|சென்னை",NA,"India",2020-01-30,118.6
"181","city","Chennai","walking","चेन्नई|சென்னை",NA,"India",2020-01-31,118.27
"182","city","Chennai","walking","चेन्नई|சென்னை",NA,"India",2020-02-01,141.48
"183","city","Chennai","walking","चेन्नई|சென்னை",NA,"India",2020-02-02,113.25
"184","city","Chennai","walking","चेन्नई|சென்னை",NA,"India",2020-02-03,111.11
"185","city","Chennai","walking","चेन्नई|சென்னை",NA,"India",2020-02-04,118.77
"186","city","Chennai","walking","चेन्नई|சென்னை",NA,"India",2020-02-05,112.18
"187","city","Chennai","walking","चेन्नई|சென்னை",NA,"India",2020-02-06,122.96
"188","city","Chennai","walking","चेन्नई|சென்னை",NA,"India",2020-02-07,129.71
"189","city","Chennai","walking","चेन्नई|சென்னை",NA,"India",2020-02-08,158.44
"190","city","Chennai","walking","चेन्नई|சென்னை",NA,"India",2020-02-09,129.88
"191","city","Chennai","walking","चेन्नई|சென்னை",NA,"India",2020-02-10,122.14
"192","city","Chennai","walking","चेन्नई|சென்னை",NA,"India",2020-02-11,125.6
"193","city","Chennai","walking","चेन्नई|சென்னை",NA,"India",2020-02-12,111.44
"194","city","Chennai","walking","चेन्नई|சென்னை",NA,"India",2020-02-13,114.07
"195","city","Chennai","walking","चेन्नई|சென்னை",NA,"India",2020-02-14,134.07
"196","city","Chennai","walking","चेन्नई|சென்னை",NA,"India",2020-02-15,140.91
"197","city","Chennai","walking","चेन्नई|சென்னை",NA,"India",2020-02-16,114.73
"198","city","Chennai","walking","चेन्नई|சென்னை",NA,"India",2020-02-17,110.45
"199","city","Chennai","walking","चेन्नई|சென்னை",NA,"India",2020-02-18,106.26
"200","city","Chennai","walking","चेन्नई|சென்னை",NA,"India",2020-02-19,112.76
"201","city","Chennai","walking","चेन्नई|சென்னை",NA,"India",2020-02-20,107
"202","city","Chennai","walking","चेन्नई|சென்னை",NA,"India",2020-02-21,126.42
"203","city","Chennai","walking","चेन्नई|சென்னை",NA,"India",2020-02-22,144.53
"204","city","Chennai","walking","चेन्नई|சென்னை",NA,"India",2020-02-23,124.44
"205","city","Chennai","walking","चेन्नई|சென்னை",NA,"India",2020-02-24,108.07
"206","city","Chennai","walking","चेन्नई|சென்னை",NA,"India",2020-02-25,113.91
"207","city","Chennai","walking","चेन्नई|சென்னை",NA,"India",2020-02-26,111.69
"208","city","Chennai","walking","चेन्नई|சென்னை",NA,"India",2020-02-27,107.24
"209","city","Chennai","walking","चेन्नई|சென்னை",NA,"India",2020-02-28,122.14
"210","city","Chennai","walking","चेन्नई|சென்னை",NA,"India",2020-02-29,134.98
"211","city","Chennai","walking","चेन्नई|சென்னை",NA,"India",2020-03-01,116.79
"212","city","Chennai","walking","चेन्नई|சென்னை",NA,"India",2020-03-02,97.28
"213","city","Chennai","walking","चेन्नई|சென்னை",NA,"India",2020-03-03,97.7
"214","city","Chennai","walking","चेन्नई|சென்னை",NA,"India",2020-03-04,108.56
"215","city","Chennai","walking","चेन्नई|சென்னை",NA,"India",2020-03-05,111.93
"216","city","Chennai","walking","चेन्नई|சென்னை",NA,"India",2020-03-06,116.95
"217","city","Chennai","walking","चेन्नई|சென்னை",NA,"India",2020-03-07,140.41
"218","city","Chennai","walking","चेन्नई|சென்னை",NA,"India",2020-03-08,113.33
"219","city","Chennai","walking","चेन्नई|சென்னை",NA,"India",2020-03-09,103.79
"220","city","Chennai","walking","चेन्नई|சென்னை",NA,"India",2020-03-10,94.65
"221","city","Chennai","walking","चेन्नई|சென்னை",NA,"India",2020-03-11,91.85
"222","city","Chennai","walking","चेन्नई|சென்னை",NA,"India",2020-03-12,109.55
"223","city","Chennai","walking","चेन्नई|சென்னை",NA,"India",2020-03-13,109.14
"224","city","Chennai","walking","चेन्नई|சென்னை",NA,"India",2020-03-14,108.15
"225","city","Chennai","walking","चेन्नई|சென்னை",NA,"India",2020-03-15,93
"226","city","Chennai","walking","चेन्नई|சென்னை",NA,"India",2020-03-16,85.76
"227","city","Chennai","walking","चेन्नई|சென்னை",NA,"India",2020-03-17,78.6
"228","city","Chennai","walking","चेन्नई|சென்னை",NA,"India",2020-03-18,78.52
"229","city","Chennai","walking","चेन्नई|சென்னை",NA,"India",2020-03-19,67.98
"230","city","Chennai","walking","चेन्नई|சென்னை",NA,"India",2020-03-20,63.87
"231","city","Chennai","walking","चेन्नई|சென்னை",NA,"India",2020-03-21,42.06
"232","city","Chennai","walking","चेन्नई|சென்னை",NA,"India",2020-03-22,31.44
"233","city","Chennai","walking","चेन्नई|சென்னை",NA,"India",2020-03-23,45.27
"234","city","Chennai","walking","चेन्नई|சென்னை",NA,"India",2020-03-24,25.6
"235","city","Chennai","walking","चेन्नई|சென்னை",NA,"India",2020-03-25,21.81
"236","city","Chennai","walking","चेन्नई|சென்னை",NA,"India",2020-03-26,18.52
"237","city","Chennai","walking","चेन्नई|சென்னை",NA,"India",2020-03-27,21.15
"238","city","Chennai","walking","चेन्नई|சென்னை",NA,"India",2020-03-28,21.56
"239","city","Chennai","walking","चेन्नई|சென்னை",NA,"India",2020-03-29,21.4
"240","city","Chennai","walking","चेन्नई|சென்னை",NA,"India",2020-03-30,20.91
"241","city","Chennai","walking","चेन्नई|சென்னை",NA,"India",2020-03-31,17.04
"242","city","Chennai","walking","चेन्नई|சென்னை",NA,"India",2020-04-01,19.92
"243","city","Chennai","walking","चेन्नई|சென்னை",NA,"India",2020-04-02,17.7
"244","city","Chennai","walking","चेन्नई|சென்னை",NA,"India",2020-04-03,19.67
"245","city","Chennai","walking","चेन्नई|சென்னை",NA,"India",2020-04-04,17.04
"246","city","Chennai","walking","चेन्नई|சென்னை",NA,"India",2020-04-05,20.25
"247","city","Chennai","walking","चेन्नई|சென்னை",NA,"India",2020-04-06,20.41
"248","city","Chennai","walking","चेन्नई|சென்னை",NA,"India",2020-04-07,20.99
"249","city","Chennai","walking","चेन्नई|சென்னை",NA,"India",2020-04-08,30.45
"250","city","Chennai","walking","चेन्नई|சென்னை",NA,"India",2020-04-09,19.59
"251","city","Chennai","walking","चेन्नई|சென்னை",NA,"India",2020-04-10,19.59
"252","city","Chennai","walking","चेन्नई|சென்னை",NA,"India",2020-04-11,40
"253","city","Chennai","walking","चेन्नई|சென்னை",NA,"India",2020-04-12,17.53
"254","city","Chennai","walking","चेन्नई|சென்னை",NA,"India",2020-04-13,20.91
"255","city","Chennai","walking","चेन्नई|சென்னை",NA,"India",2020-04-14,22.72
"256","city","Chennai","walking","चेन्नई|சென்னை",NA,"India",2020-04-15,24.61
"257","city","Chennai","walking","चेन्नई|சென்னை",NA,"India",2020-04-16,26.17
"258","city","Chennai","walking","चेन्नई|சென்னை",NA,"India",2020-04-17,21.48
"259","city","Chennai","walking","चेन्नई|சென்னை",NA,"India",2020-04-18,22.3
"260","city","Chennai","walking","चेन्नई|சென்னை",NA,"India",2020-04-19,20.16
"261","city","Chennai","walking","चेन्नई|சென்னை",NA,"India",2020-04-20,24.36
"262","city","Chennai","walking","चेन्नई|சென்னை",NA,"India",2020-04-21,20.33
"263","city","Chennai","walking","चेन्नई|சென்னை",NA,"India",2020-04-22,20.25
"264","city","Chennai","walking","चेन्नई|சென்னை",NA,"India",2020-04-23,21.15
"265","city","Chennai","walking","चेन्नई|சென்னை",NA,"India",2020-04-24,25.27
"266","city","Chennai","walking","चेन्नई|சென்னை",NA,"India",2020-04-25,22.72
"267","city","Chennai","walking","चेन्नई|சென்னை",NA,"India",2020-04-26,16.21
"268","city","Chennai","walking","चेन्नई|சென்னை",NA,"India",2020-04-27,19.75
"269","city","Chennai","walking","चेन्नई|சென்னை",NA,"India",2020-04-28,22.3
"270","city","Chennai","walking","चेन्नई|சென்னை",NA,"India",2020-04-29,20.49
"271","city","Chennai","walking","चेन्नई|சென்னை",NA,"India",2020-04-30,19.34
"272","city","Chennai","walking","चेन्नई|சென்னை",NA,"India",2020-05-01,23.05
"273","city","Chennai","walking","चेन्नई|சென்னை",NA,"India",2020-05-02,20.74
"274","city","Chennai","walking","चेन्नई|சென்னை",NA,"India",2020-05-03,24.36
"275","city","Chennai","walking","चेन्नई|சென்னை",NA,"India",2020-05-04,25.19
"276","city","Chennai","walking","चेन्नई|சென்னை",NA,"India",2020-05-05,31.85
"277","city","Chennai","walking","चेन्नई|சென்னை",NA,"India",2020-05-06,28.97
"278","city","Chennai","walking","चेन्नई|சென்னை",NA,"India",2020-05-07,25.6
"279","city","Chennai","walking","चेन्नई|சென்னை",NA,"India",2020-05-08,26.67
"280","city","Chennai","walking","चेन्नई|சென்னை",NA,"India",2020-05-09,24.61
"281","city","Chennai","walking","चेन्नई|சென்னை",NA,"India",2020-05-10,28.48
"282","city","Chennai","walking","चेन्नई|சென்னை",NA,"India",2020-05-11,NA
"283","city","Chennai","walking","चेन्नई|சென்னை",NA,"India",2020-05-12,NA
"284","city","Chennai","walking","चेन्नई|சென்னை",NA,"India",2020-05-13,30.53
"285","city","Chennai","walking","चेन्नई|சென்னை",NA,"India",2020-05-14,41.32
"286","city","Chennai","walking","चेन्नई|சென்னை",NA,"India",2020-05-15,39.51
"287","city","Chennai","walking","चेन्नई|சென்னை",NA,"India",2020-05-16,36.79
"288","city","Chennai","walking","चेन्नई|சென்னை",NA,"India",2020-05-17,34.4
"289","city","Chennai","walking","चेन्नई|சென்னை",NA,"India",2020-05-18,33.25
"290","city","Chennai","walking","चेन्नई|சென்னை",NA,"India",2020-05-19,34.65
"291","city","Chennai","walking","चेन्नई|சென்னை",NA,"India",2020-05-20,51.69
"292","city","Chennai","walking","चेन्नई|சென்னை",NA,"India",2020-05-21,41.89
"293","city","Chennai","walking","चेन्नई|சென்னை",NA,"India",2020-05-22,40.58
"294","city","Chennai","walking","चेन्नई|சென்னை",NA,"India",2020-05-23,45.51
"295","city","Chennai","walking","चेन्नई|சென்னை",NA,"India",2020-05-24,37.61
"296","city","Chennai","walking","चेन्नई|சென்னை",NA,"India",2020-05-25,41.89
"297","city","Chennai","walking","चेन्नई|சென்னை",NA,"India",2020-05-26,45.68
"298","city","Chennai","walking","चेन्नई|சென்னை",NA,"India",2020-05-27,37.7
"299","city","Chennai","walking","चेन्नई|சென்னை",NA,"India",2020-05-28,37.45
"300","city","Chennai","walking","चेन्नई|சென்னை",NA,"India",2020-05-29,36.63
"301","city","Chennai","walking","चेन्नई|சென்னை",NA,"India",2020-05-30,39.92
"302","city","Chennai","walking","चेन्नई|சென்னை",NA,"India",2020-05-31,45.1
"303","city","Chennai","walking","चेन्नई|சென்னை",NA,"India",2020-06-01,43.95
"304","city","Chennai","walking","चेन्नई|சென்னை",NA,"India",2020-06-02,39.34
"305","city","Chennai","walking","चेन्नई|சென்னை",NA,"India",2020-06-03,35.8
"306","city","Chennai","walking","चेन्नई|சென்னை",NA,"India",2020-06-04,40.25
"307","city","Chennai","walking","चेन्नई|சென்னை",NA,"India",2020-06-05,43.62
"308","city","Chennai","walking","चेन्नई|சென்னை",NA,"India",2020-06-06,45.35
"309","city","Chennai","walking","चेन्नई|சென்னை",NA,"India",2020-06-07,40.99
"310","city","Chennai","walking","चेन्नई|சென்னை",NA,"India",2020-06-08,37.86
"311","city","Chennai","walking","चेन्नई|சென்னை",NA,"India",2020-06-09,48.15
"312","city","Chennai","walking","चेन्नई|சென்னை",NA,"India",2020-06-10,45.27
"313","city","Chennai","walking","चेन्नई|சென்னை",NA,"India",2020-06-11,45.6
"314","city","Chennai","walking","चेन्नई|சென்னை",NA,"India",2020-06-12,43.29
"315","city","Chennai","walking","चेन्नई|சென்னை",NA,"India",2020-06-13,38.27
"316","city","Chennai","walking","चेन्नई|சென்னை",NA,"India",2020-06-14,50.29
"317","city","Chennai","walking","चेन्नई|சென்னை",NA,"India",2020-06-15,56.13
"318","city","Chennai","walking","चेन्नई|சென்னை",NA,"India",2020-06-16,54.73
"319","city","Chennai","walking","चेन्नई|சென்னை",NA,"India",2020-06-17,58.27
"320","city","Chennai","walking","चेन्नई|சென்னை",NA,"India",2020-06-18,53.42
"321","city","Chennai","walking","चेन्नई|சென்னை",NA,"India",2020-06-19,33.5
"322","city","Chennai","walking","चेन्नई|சென்னை",NA,"India",2020-06-20,29.88
"323","city","Chennai","walking","चेन्नई|சென்னை",NA,"India",2020-06-21,32.02
"324","city","Chennai","walking","चेन्नई|சென்னை",NA,"India",2020-06-22,36.79
"325","city","Delhi","walking","दिल्ली",NA,"India",2020-01-13,100
"326","city","Delhi","walking","दिल्ली",NA,"India",2020-01-14,99.98
"327","city","Delhi","walking","दिल्ली",NA,"India",2020-01-15,101.8
"328","city","Delhi","walking","दिल्ली",NA,"India",2020-01-16,99.95
"329","city","Delhi","walking","दिल्ली",NA,"India",2020-01-17,113.69
"330","city","Delhi","walking","दिल्ली",NA,"India",2020-01-18,122.28
"331","city","Delhi","walking","दिल्ली",NA,"India",2020-01-19,109.82
"332","city","Delhi","walking","दिल्ली",NA,"India",2020-01-20,104.29
"333","city","Delhi","walking","दिल्ली",NA,"India",2020-01-21,106.61
"334","city","Delhi","walking","दिल्ली",NA,"India",2020-01-22,109.03
"335","city","Delhi","walking","दिल्ली",NA,"India",2020-01-23,102.72
"336","city","Delhi","walking","दिल्ली",NA,"India",2020-01-24,107.67
"337","city","Delhi","walking","दिल्ली",NA,"India",2020-01-25,114.91
"338","city","Delhi","walking","दिल्ली",NA,"India",2020-01-26,102.17
"339","city","Delhi","walking","दिल्ली",NA,"India",2020-01-27,110.12
"340","city","Delhi","walking","दिल्ली",NA,"India",2020-01-28,104.63
"341","city","Delhi","walking","दिल्ली",NA,"India",2020-01-29,110.3
"342","city","Delhi","walking","दिल्ली",NA,"India",2020-01-30,113.13
"343","city","Delhi","walking","दिल्ली",NA,"India",2020-01-31,115.44
"344","city","Delhi","walking","दिल्ली",NA,"India",2020-02-01,124.61
"345","city","Delhi","walking","दिल्ली",NA,"India",2020-02-02,116.64
"346","city","Delhi","walking","दिल्ली",NA,"India",2020-02-03,111.66
"347","city","Delhi","walking","दिल्ली",NA,"India",2020-02-04,111.38
"348","city","Delhi","walking","दिल्ली",NA,"India",2020-02-05,105.18
"349","city","Delhi","walking","दिल्ली",NA,"India",2020-02-06,110.46
"350","city","Delhi","walking","दिल्ली",NA,"India",2020-02-07,119.45
"351","city","Delhi","walking","दिल्ली",NA,"India",2020-02-08,109.19
"352","city","Delhi","walking","दिल्ली",NA,"India",2020-02-09,132.53
"353","city","Delhi","walking","दिल्ली",NA,"India",2020-02-10,112.28
"354","city","Delhi","walking","दिल्ली",NA,"India",2020-02-11,112.07
"355","city","Delhi","walking","दिल्ली",NA,"India",2020-02-12,116.91
"356","city","Delhi","walking","दिल्ली",NA,"India",2020-02-13,113.62
"357","city","Delhi","walking","दिल्ली",NA,"India",2020-02-14,134.12
"358","city","Delhi","walking","दिल्ली",NA,"India",2020-02-15,130.12
"359","city","Delhi","walking","दिल्ली",NA,"India",2020-02-16,132.63
"360","city","Delhi","walking","दिल्ली",NA,"India",2020-02-17,112
"361","city","Delhi","walking","दिल्ली",NA,"India",2020-02-18,113
"362","city","Delhi","walking","दिल्ली",NA,"India",2020-02-19,116.18
"363","city","Delhi","walking","दिल्ली",NA,"India",2020-02-20,110.09
"364","city","Delhi","walking","दिल्ली",NA,"India",2020-02-21,122.44
"365","city","Delhi","walking","दिल्ली",NA,"India",2020-02-22,134.77
"366","city","Delhi","walking","दिल्ली",NA,"India",2020-02-23,123
"367","city","Delhi","walking","दिल्ली",NA,"India",2020-02-24,105.18
"368","city","Delhi","walking","दिल्ली",NA,"India",2020-02-25,100.16
"369","city","Delhi","walking","दिल्ली",NA,"India",2020-02-26,101.31
"370","city","Delhi","walking","दिल्ली",NA,"India",2020-02-27,102.79
"371","city","Delhi","walking","दिल्ली",NA,"India",2020-02-28,110.51
"372","city","Delhi","walking","दिल्ली",NA,"India",2020-02-29,109.98
"373","city","Delhi","walking","दिल्ली",NA,"India",2020-03-01,108.23
"374","city","Delhi","walking","दिल्ली",NA,"India",2020-03-02,102.76
"375","city","Delhi","walking","दिल्ली",NA,"India",2020-03-03,103.25
"376","city","Delhi","walking","दिल्ली",NA,"India",2020-03-04,95.39
"377","city","Delhi","walking","दिल्ली",NA,"India",2020-03-05,96.66
"378","city","Delhi","walking","दिल्ली",NA,"India",2020-03-06,101.87
"379","city","Delhi","walking","दिल्ली",NA,"India",2020-03-07,103.55
"380","city","Delhi","walking","दिल्ली",NA,"India",2020-03-08,91.59
"381","city","Delhi","walking","दिल्ली",NA,"India",2020-03-09,61.15
"382","city","Delhi","walking","दिल्ली",NA,"India",2020-03-10,67.3
"383","city","Delhi","walking","दिल्ली",NA,"India",2020-03-11,91.64
"384","city","Delhi","walking","दिल्ली",NA,"India",2020-03-12,85.35
"385","city","Delhi","walking","दिल्ली",NA,"India",2020-03-13,87.47
"386","city","Delhi","walking","दिल्ली",NA,"India",2020-03-14,85.39
"387","city","Delhi","walking","दिल्ली",NA,"India",2020-03-15,84.33
"388","city","Delhi","walking","दिल्ली",NA,"India",2020-03-16,79.03
"389","city","Delhi","walking","दिल्ली",NA,"India",2020-03-17,75.62
"390","city","Delhi","walking","दिल्ली",NA,"India",2020-03-18,69.26
"391","city","Delhi","walking","दिल्ली",NA,"India",2020-03-19,61.18
"392","city","Delhi","walking","दिल्ली",NA,"India",2020-03-20,46.91
"393","city","Delhi","walking","दिल्ली",NA,"India",2020-03-21,33.69
"394","city","Delhi","walking","दिल्ली",NA,"India",2020-03-22,25.99
"395","city","Delhi","walking","दिल्ली",NA,"India",2020-03-23,25.6
"396","city","Delhi","walking","दिल्ली",NA,"India",2020-03-24,21.66
"397","city","Delhi","walking","दिल्ली",NA,"India",2020-03-25,24.33
"398","city","Delhi","walking","दिल्ली",NA,"India",2020-03-26,26.22
"399","city","Delhi","walking","दिल्ली",NA,"India",2020-03-27,32.6
"400","city","Delhi","walking","दिल्ली",NA,"India",2020-03-28,31.87
"401","city","Delhi","walking","दिल्ली",NA,"India",2020-03-29,25.25
"402","city","Delhi","walking","दिल्ली",NA,"India",2020-03-30,19.72
"403","city","Delhi","walking","दिल्ली",NA,"India",2020-03-31,19.24
"404","city","Delhi","walking","दिल्ली",NA,"India",2020-04-01,17.4
"405","city","Delhi","walking","दिल्ली",NA,"India",2020-04-02,16.04
"406","city","Delhi","walking","दिल्ली",NA,"India",2020-04-03,17.49
"407","city","Delhi","walking","दिल्ली",NA,"India",2020-04-04,17.56
"408","city","Delhi","walking","दिल्ली",NA,"India",2020-04-05,18.43
"409","city","Delhi","walking","दिल्ली",NA,"India",2020-04-06,17.19
"410","city","Delhi","walking","दिल्ली",NA,"India",2020-04-07,16.18
"411","city","Delhi","walking","दिल्ली",NA,"India",2020-04-08,20.35
"412","city","Delhi","walking","दिल्ली",NA,"India",2020-04-09,17.1
"413","city","Delhi","walking","दिल्ली",NA,"India",2020-04-10,17.4
"414","city","Delhi","walking","दिल्ली",NA,"India",2020-04-11,18.41
"415","city","Delhi","walking","दिल्ली",NA,"India",2020-04-12,19.22
"416","city","Delhi","walking","दिल्ली",NA,"India",2020-04-13,17.47
"417","city","Delhi","walking","दिल्ली",NA,"India",2020-04-14,19.56
"418","city","Delhi","walking","दिल्ली",NA,"India",2020-04-15,22.51
"419","city","Delhi","walking","दिल्ली",NA,"India",2020-04-16,17.47
"420","city","Delhi","walking","दिल्ली",NA,"India",2020-04-17,17.26
"421","city","Delhi","walking","दिल्ली",NA,"India",2020-04-18,17.93
"422","city","Delhi","walking","दिल्ली",NA,"India",2020-04-19,18.02
"423","city","Delhi","walking","दिल्ली",NA,"India",2020-04-20,19.61
"424","city","Delhi","walking","दिल्ली",NA,"India",2020-04-21,19.24
"425","city","Delhi","walking","दिल्ली",NA,"India",2020-04-22,18.25
"426","city","Delhi","walking","दिल्ली",NA,"India",2020-04-23,19.31
"427","city","Delhi","walking","दिल्ली",NA,"India",2020-04-24,15.81
"428","city","Delhi","walking","दिल्ली",NA,"India",2020-04-25,17.4
"429","city","Delhi","walking","दिल्ली",NA,"India",2020-04-26,18.43
"430","city","Delhi","walking","दिल्ली",NA,"India",2020-04-27,18.62
"431","city","Delhi","walking","दिल्ली",NA,"India",2020-04-28,18.73
"432","city","Delhi","walking","दिल्ली",NA,"India",2020-04-29,17.7
"433","city","Delhi","walking","दिल्ली",NA,"India",2020-04-30,18.5
"434","city","Delhi","walking","दिल्ली",NA,"India",2020-05-01,19.29
"435","city","Delhi","walking","दिल्ली",NA,"India",2020-05-02,18.87
"436","city","Delhi","walking","दिल्ली",NA,"India",2020-05-03,21.71
"437","city","Delhi","walking","दिल्ली",NA,"India",2020-05-04,22.88
"438","city","Delhi","walking","दिल्ली",NA,"India",2020-05-05,23.73
"439","city","Delhi","walking","दिल्ली",NA,"India",2020-05-06,24.24
"440","city","Delhi","walking","दिल्ली",NA,"India",2020-05-07,25.88
"441","city","Delhi","walking","दिल्ली",NA,"India",2020-05-08,26.13
"442","city","Delhi","walking","दिल्ली",NA,"India",2020-05-09,24.33
"443","city","Delhi","walking","दिल्ली",NA,"India",2020-05-10,25.21
"444","city","Delhi","walking","दिल्ली",NA,"India",2020-05-11,NA
"445","city","Delhi","walking","दिल्ली",NA,"India",2020-05-12,NA
"446","city","Delhi","walking","दिल्ली",NA,"India",2020-05-13,26.2
"447","city","Delhi","walking","दिल्ली",NA,"India",2020-05-14,24.68
"448","city","Delhi","walking","दिल्ली",NA,"India",2020-05-15,25.55
"449","city","Delhi","walking","दिल्ली",NA,"India",2020-05-16,26.22
"450","city","Delhi","walking","दिल्ली",NA,"India",2020-05-17,27.28
"451","city","Delhi","walking","दिल्ली",NA,"India",2020-05-18,29.84
"452","city","Delhi","walking","दिल्ली",NA,"India",2020-05-19,29.93
"453","city","Delhi","walking","दिल्ली",NA,"India",2020-05-20,34.31
"454","city","Delhi","walking","दिल्ली",NA,"India",2020-05-21,32.53
"455","city","Delhi","walking","दिल्ली",NA,"India",2020-05-22,29.95
"456","city","Delhi","walking","दिल्ली",NA,"India",2020-05-23,27.95
"457","city","Delhi","walking","दिल्ली",NA,"India",2020-05-24,30
"458","city","Delhi","walking","दिल्ली",NA,"India",2020-05-25,30.99
"459","city","Delhi","walking","दिल्ली",NA,"India",2020-05-26,30.07
"460","city","Delhi","walking","दिल्ली",NA,"India",2020-05-27,32.44
"461","city","Delhi","walking","दिल्ली",NA,"India",2020-05-28,30.62
"462","city","Delhi","walking","दिल्ली",NA,"India",2020-05-29,31.57
"463","city","Delhi","walking","दिल्ली",NA,"India",2020-05-30,31.82
"464","city","Delhi","walking","दिल्ली",NA,"India",2020-05-31,33.73
"465","city","Delhi","walking","दिल्ली",NA,"India",2020-06-01,37.35
"466","city","Delhi","walking","दिल्ली",NA,"India",2020-06-02,34.65
"467","city","Delhi","walking","दिल्ली",NA,"India",2020-06-03,35.41
"468","city","Delhi","walking","दिल्ली",NA,"India",2020-06-04,33.29
"469","city","Delhi","walking","दिल्ली",NA,"India",2020-06-05,33.73
"470","city","Delhi","walking","दिल्ली",NA,"India",2020-06-06,34.86
"471","city","Delhi","walking","दिल्ली",NA,"India",2020-06-07,34.68
"472","city","Delhi","walking","दिल्ली",NA,"India",2020-06-08,38.39
"473","city","Delhi","walking","दिल्ली",NA,"India",2020-06-09,38.39
"474","city","Delhi","walking","दिल्ली",NA,"India",2020-06-10,37.74
"475","city","Delhi","walking","दिल्ली",NA,"India",2020-06-11,36.91
"476","city","Delhi","walking","दिल्ली",NA,"India",2020-06-12,37.03
"477","city","Delhi","walking","दिल्ली",NA,"India",2020-06-13,34.95
"478","city","Delhi","walking","दिल्ली",NA,"India",2020-06-14,36.13
"479","city","Delhi","walking","दिल्ली",NA,"India",2020-06-15,36.87
"480","city","Delhi","walking","दिल्ली",NA,"India",2020-06-16,36.11
"481","city","Delhi","walking","दिल्ली",NA,"India",2020-06-17,36.34
"482","city","Delhi","walking","दिल्ली",NA,"India",2020-06-18,34.38
"483","city","Delhi","walking","दिल्ली",NA,"India",2020-06-19,36.61
"484","city","Delhi","walking","दिल्ली",NA,"India",2020-06-20,32.3
"485","city","Delhi","walking","दिल्ली",NA,"India",2020-06-21,35.92
"486","city","Delhi","walking","दिल्ली",NA,"India",2020-06-22,43.27
"487","city","Hyderabad","walking","हैदराबाद|హైదరాబాద్",NA,"India",2020-01-13,100
"488","city","Hyderabad","walking","हैदराबाद|హైదరాబాద్",NA,"India",2020-01-14,89.96
"489","city","Hyderabad","walking","हैदराबाद|హైదరాబాద్",NA,"India",2020-01-15,87.35
"490","city","Hyderabad","walking","हैदराबाद|హైదరాబాద్",NA,"India",2020-01-16,98.46
"491","city","Hyderabad","walking","हैदराबाद|హైదరాబాద్",NA,"India",2020-01-17,114.9
"492","city","Hyderabad","walking","हैदराबाद|హైదరాబాద్",NA,"India",2020-01-18,127.38
"493","city","Hyderabad","walking","हैदराबाद|హైదరాబాద్",NA,"India",2020-01-19,115.08
"494","city","Hyderabad","walking","हैदराबाद|హైదరాబాద్",NA,"India",2020-01-20,123.93
"495","city","Hyderabad","walking","हैदराबाद|హైదరాబాద్",NA,"India",2020-01-21,116.57
"496","city","Hyderabad","walking","हैदराबाद|హైదరాబాద్",NA,"India",2020-01-22,112.41
"497","city","Hyderabad","walking","हैदराबाद|హైదరాబాద్",NA,"India",2020-01-23,110.87
"498","city","Hyderabad","walking","हैदराबाद|హైదరాబాద్",NA,"India",2020-01-24,120.13
"499","city","Hyderabad","walking","हैदराबाद|హైదరాబాద్",NA,"India",2020-01-25,154.16
"500","city","Hyderabad","walking","हैदराबाद|హైదరాబాద్",NA,"India",2020-01-26,128.44
"501","city","Hyderabad","walking","हैदराबाद|హైదరాబాద్",NA,"India",2020-01-27,125.89
"502","city","Hyderabad","walking","हैदराबाद|హైదరాబాద్",NA,"India",2020-01-28,123.4
"503","city","Hyderabad","walking","हैदराबाद|హైదరాబాద్",NA,"India",2020-01-29,138.3
"504","city","Hyderabad","walking","हैदराबाद|హైదరాబాద్",NA,"India",2020-01-30,127.91
"505","city","Hyderabad","walking","हैदराबाद|హైదరాబాద్",NA,"India",2020-01-31,136.4
"506","city","Hyderabad","walking","हैदराबाद|హైదరాబాద్",NA,"India",2020-02-01,149.35
"507","city","Hyderabad","walking","हैदराबाद|హైదరాబాద్",NA,"India",2020-02-02,144.66
"508","city","Hyderabad","walking","हैदराबाद|హైదరాబాద్",NA,"India",2020-02-03,128.74
"509","city","Hyderabad","walking","हैदराबाद|హైదరాబాద్",NA,"India",2020-02-04,128.27
"510","city","Hyderabad","walking","हैदराबाद|హైదరాబాద్",NA,"India",2020-02-05,132.72
"511","city","Hyderabad","walking","हैदराबाद|హైదరాబాద్",NA,"India",2020-02-06,134.62
"512","city","Hyderabad","walking","हैदराबाद|హైదరాబాద్",NA,"India",2020-02-07,143.05
"513","city","Hyderabad","walking","हैदराबाद|హైదరాబాద్",NA,"India",2020-02-08,155.23
"514","city","Hyderabad","walking","हैदराबाद|హైదరాబాద్",NA,"India",2020-02-09,149.88
"515","city","Hyderabad","walking","हैदराबाद|హైదరాబాద్",NA,"India",2020-02-10,131.65
"516","city","Hyderabad","walking","हैदराबाद|హైదరాబాద్",NA,"India",2020-02-11,136.52
"517","city","Hyderabad","walking","हैदराबाद|హైదరాబాద్",NA,"India",2020-02-12,131.24
"518","city","Hyderabad","walking","हैदराबाद|హైదరాబాద్",NA,"India",2020-02-13,146.2
"519","city","Hyderabad","walking","हैदराबाद|హైదరాబాద్",NA,"India",2020-02-14,152.73
"520","city","Hyderabad","walking","हैदराबाद|హైదరాబాద్",NA,"India",2020-02-15,155.46
"521","city","Hyderabad","walking","हैदराबाद|హైదరాబాద్",NA,"India",2020-02-16,152.26
"522","city","Hyderabad","walking","हैदराबाद|హైదరాబాద్",NA,"India",2020-02-17,139.49
"523","city","Hyderabad","walking","हैदराबाद|హైదరాబాద్",NA,"India",2020-02-18,140.68
"524","city","Hyderabad","walking","हैदराबाद|హైదరాబాద్",NA,"India",2020-02-19,136.52
"525","city","Hyderabad","walking","हैदराबाद|హైదరాబాద్",NA,"India",2020-02-20,122.98
"526","city","Hyderabad","walking","हैदराबाद|హైదరాబాద్",NA,"India",2020-02-21,137.71
"527","city","Hyderabad","walking","हैदराबाद|హైదరాబాద్",NA,"India",2020-02-22,155.64
"528","city","Hyderabad","walking","हैदराबाद|హైదరాబాద్",NA,"India",2020-02-23,149.64
"529","city","Hyderabad","walking","हैदराबाद|హైదరాబాద్",NA,"India",2020-02-24,130.64
"530","city","Hyderabad","walking","हैदराबाद|హైదరాబాద్",NA,"India",2020-02-25,143.17
"531","city","Hyderabad","walking","हैदराबाद|హైదరాబాద్",NA,"India",2020-02-26,141.81
"532","city","Hyderabad","walking","हैदराबाद|హైదరాబాద్",NA,"India",2020-02-27,144.77
"533","city","Hyderabad","walking","हैदराबाद|హైదరాబాద్",NA,"India",2020-02-28,141.51
"534","city","Hyderabad","walking","हैदराबाद|హైదరాబాద్",NA,"India",2020-02-29,158.61
"535","city","Hyderabad","walking","हैदराबाद|హైదరాబాద్",NA,"India",2020-03-01,151.9
"536","city","Hyderabad","walking","हैदराबाद|హైదరాబాద్",NA,"India",2020-03-02,135.33
"537","city","Hyderabad","walking","हैदराबाद|హైదరాబాద్",NA,"India",2020-03-03,133.31
"538","city","Hyderabad","walking","हैदराबाद|హైదరాబాద్",NA,"India",2020-03-04,130.94
"539","city","Hyderabad","walking","हैदराबाद|హైదరాబాద్",NA,"India",2020-03-05,122.03
"540","city","Hyderabad","walking","हैदराबाद|హైదరాబాద్",NA,"India",2020-03-06,127.08
"541","city","Hyderabad","walking","हैदराबाद|హైదరాబాద్",NA,"India",2020-03-07,148.57
"542","city","Hyderabad","walking","हैदराबाद|హైదరాబాద్",NA,"India",2020-03-08,128.68
"543","city","Hyderabad","walking","हैदराबाद|హైదరాబాద్",NA,"India",2020-03-09,119.89
"544","city","Hyderabad","walking","हैदराबाद|హైదరాబాద్",NA,"India",2020-03-10,132.66
"545","city","Hyderabad","walking","हैदराबाद|హైదరాబాద్",NA,"India",2020-03-11,121.67
"546","city","Hyderabad","walking","हैदराबाद|హైదరాబాద్",NA,"India",2020-03-12,120.19
"547","city","Hyderabad","walking","हैदराबाद|హైదరాబాద్",NA,"India",2020-03-13,131.06
"548","city","Hyderabad","walking","हैदराबाद|హైదరాబాద్",NA,"India",2020-03-14,138.48
"549","city","Hyderabad","walking","हैदराबाद|హైదరాబాద్",NA,"India",2020-03-15,122.62
"550","city","Hyderabad","walking","हैदराबाद|హైదరాబాద్",NA,"India",2020-03-16,108.08
"551","city","Hyderabad","walking","हैदराबाद|హైదరాబాద్",NA,"India",2020-03-17,107.42
"552","city","Hyderabad","walking","हैदराबाद|హైదరాబాద్",NA,"India",2020-03-18,104.57
"553","city","Hyderabad","walking","हैदराबाद|హైదరాబాద్",NA,"India",2020-03-19,88.48
"554","city","Hyderabad","walking","हैदराबाद|హైదరాబాద్",NA,"India",2020-03-20,80.05
"555","city","Hyderabad","walking","हैदराबाद|హైదరాబాద్",NA,"India",2020-03-21,61.28
"556","city","Hyderabad","walking","हैदराबाद|హైదరాబాద్",NA,"India",2020-03-22,34.62
"557","city","Hyderabad","walking","हैदराबाद|హైదరాబాద్",NA,"India",2020-03-23,43.65
"558","city","Hyderabad","walking","हैदराबाद|హైదరాబాద్",NA,"India",2020-03-24,33.55
"559","city","Hyderabad","walking","हैदराबाद|హైదరాబాద్",NA,"India",2020-03-25,35.81
"560","city","Hyderabad","walking","हैदराबाद|హైదరాబాద్",NA,"India",2020-03-26,29.39
"561","city","Hyderabad","walking","हैदराबाद|హైదరాబాద్",NA,"India",2020-03-27,29.93
"562","city","Hyderabad","walking","हैदराबाद|హైదరాబాద్",NA,"India",2020-03-28,33.08
"563","city","Hyderabad","walking","हैदराबाद|హైదరాబాద్",NA,"India",2020-03-29,28.68
"564","city","Hyderabad","walking","हैदराबाद|హైదరాబాద్",NA,"India",2020-03-30,29.45
"565","city","Hyderabad","walking","हैदराबाद|హైదరాబాద్",NA,"India",2020-03-31,29.16
"566","city","Hyderabad","walking","हैदराबाद|హైదరాబాద్",NA,"India",2020-04-01,24.35
"567","city","Hyderabad","walking","हैदराबाद|హైదరాబాద్",NA,"India",2020-04-02,27.14
"568","city","Hyderabad","walking","हैदराबाद|హైదరాబాద్",NA,"India",2020-04-03,27.85
"569","city","Hyderabad","walking","हैदराबाद|హైదరాబాద్",NA,"India",2020-04-04,25.48
"570","city","Hyderabad","walking","हैदराबाद|హైదరాబాద్",NA,"India",2020-04-05,26.84
"571","city","Hyderabad","walking","हैदराबाद|హైదరాబాద్",NA,"India",2020-04-06,22.57
"572","city","Hyderabad","walking","हैदराबाद|హైదరాబాద్",NA,"India",2020-04-07,24.58
"573","city","Hyderabad","walking","हैदराबाद|హైదరాబాద్",NA,"India",2020-04-08,26.66
"574","city","Hyderabad","walking","हैदराबाद|హైదరాబాద్",NA,"India",2020-04-09,25.06
"575","city","Hyderabad","walking","हैदराबाद|హైదరాబాద్",NA,"India",2020-04-10,22.57
"576","city","Hyderabad","walking","हैदराबाद|హైదరాబాద్",NA,"India",2020-04-11,26.01
"577","city","Hyderabad","walking","हैदराबाद|హైదరాబాద్",NA,"India",2020-04-12,28.62
"578","city","Hyderabad","walking","हैदराबाद|హైదరాబాద్",NA,"India",2020-04-13,27.26
"579","city","Hyderabad","walking","हैदराबाद|హైదరాబాద్",NA,"India",2020-04-14,28.68
"580","city","Hyderabad","walking","हैदराबाद|హైదరాబాద్",NA,"India",2020-04-15,31.35
"581","city","Hyderabad","walking","हैदराबाद|హైదరాబాద్",NA,"India",2020-04-16,27.91
"582","city","Hyderabad","walking","हैदराबाद|హైదరాబాద్",NA,"India",2020-04-17,26.07
"583","city","Hyderabad","walking","हैदराबाद|హైదరాబాద్",NA,"India",2020-04-18,29.33
"584","city","Hyderabad","walking","हैदराबाद|హైదరాబాద్",NA,"India",2020-04-19,29.04
"585","city","Hyderabad","walking","हैदराबाद|హైదరాబాద్",NA,"India",2020-04-20,30.52
"586","city","Hyderabad","walking","हैदराबाद|హైదరాబాద్",NA,"India",2020-04-21,26.72
"587","city","Hyderabad","walking","हैदराबाद|హైదరాబాద్",NA,"India",2020-04-22,24.88
"588","city","Hyderabad","walking","हैदराबाद|హైదరాబాద్",NA,"India",2020-04-23,28.8
"589","city","Hyderabad","walking","हैदराबाद|హైదరాబాద్",NA,"India",2020-04-24,25
"590","city","Hyderabad","walking","हैदराबाद|హైదరాబాద్",NA,"India",2020-04-25,27.43
"591","city","Hyderabad","walking","हैदराबाद|హైదరాబాద్",NA,"India",2020-04-26,26.13
"592","city","Hyderabad","walking","हैदराबाद|హైదరాబాద్",NA,"India",2020-04-27,27.79
"593","city","Hyderabad","walking","हैदराबाद|హైదరాబాద్",NA,"India",2020-04-28,33.25
"594","city","Hyderabad","walking","हैदराबाद|హైదరాబాద్",NA,"India",2020-04-29,31.77
"595","city","Hyderabad","walking","हैदराबाद|హైదరాబాద్",NA,"India",2020-04-30,28.38
"596","city","Hyderabad","walking","हैदराबाद|హైదరాబాద్",NA,"India",2020-05-01,30.23
"597","city","Hyderabad","walking","हैदराबाद|హైదరాబాద్",NA,"India",2020-05-02,32.66
"598","city","Hyderabad","walking","हैदराबाद|హైదరాబాద్",NA,"India",2020-05-03,37.11
"599","city","Hyderabad","walking","हैदराबाद|హైదరాబాద్",NA,"India",2020-05-04,34.74
"600","city","Hyderabad","walking","हैदराबाद|హైదరాబాద్",NA,"India",2020-05-05,32.3
"601","city","Hyderabad","walking","हैदराबाद|హైదరాబాద్",NA,"India",2020-05-06,32.78
"602","city","Hyderabad","walking","हैदराबाद|హైదరాబాద్",NA,"India",2020-05-07,33.73
"603","city","Hyderabad","walking","हैदराबाद|హైదరాబాద్",NA,"India",2020-05-08,35.04
"604","city","Hyderabad","walking","हैदराबाद|హైదరాబాద్",NA,"India",2020-05-09,35.15
"605","city","Hyderabad","walking","हैदराबाद|హైదరాబాద్",NA,"India",2020-05-10,36.05
"606","city","Hyderabad","walking","हैदराबाद|హైదరాబాద్",NA,"India",2020-05-11,NA
"607","city","Hyderabad","walking","हैदराबाद|హైదరాబాద్",NA,"India",2020-05-12,NA
"608","city","Hyderabad","walking","हैदराबाद|హైదరాబాద్",NA,"India",2020-05-13,40.26
"609","city","Hyderabad","walking","हैदराबाद|హైదరాబాద్",NA,"India",2020-05-14,37.59
"610","city","Hyderabad","walking","हैदराबाद|హైదరాబాద్",NA,"India",2020-05-15,44.12
"611","city","Hyderabad","walking","हैदराबाद|హైదరాబాద్",NA,"India",2020-05-16,36.7
"612","city","Hyderabad","walking","हैदराबाद|హైదరాబాద్",NA,"India",2020-05-17,42.22
"613","city","Hyderabad","walking","हैदराबाद|హైదరాబాద్",NA,"India",2020-05-18,43.53
"614","city","Hyderabad","walking","हैदराबाद|హైదరాబాద్",NA,"India",2020-05-19,43.29
"615","city","Hyderabad","walking","हैदराबाद|హైదరాబాద్",NA,"India",2020-05-20,45.78
"616","city","Hyderabad","walking","हैदराबाद|హైదరాబాద్",NA,"India",2020-05-21,46.14
"617","city","Hyderabad","walking","हैदराबाद|హైదరాబాద్",NA,"India",2020-05-22,44.6
"618","city","Hyderabad","walking","हैदराबाद|హైదరాబాద్",NA,"India",2020-05-23,50.95
"619","city","Hyderabad","walking","हैदराबाद|హైదరాబాద్",NA,"India",2020-05-24,48.81
"620","city","Hyderabad","walking","हैदराबाद|హైదరాబాద్",NA,"India",2020-05-25,51.72
"621","city","Hyderabad","walking","हैदराबाद|హైదరాబాద్",NA,"India",2020-05-26,62.71
"622","city","Hyderabad","walking","हैदराबाद|హైదరాబాద్",NA,"India",2020-05-27,54.57
"623","city","Hyderabad","walking","हैदराबाद|హైదరాబాద్",NA,"India",2020-05-28,57.78
"624","city","Hyderabad","walking","हैदराबाद|హైదరాబాద్",NA,"India",2020-05-29,62.83
"625","city","Hyderabad","walking","हैदराबाद|హైదరాబాద్",NA,"India",2020-05-30,56.53
"626","city","Hyderabad","walking","हैदराबाद|హైదరాబాద్",NA,"India",2020-05-31,59.56
"627","city","Hyderabad","walking","हैदराबाद|హైదరాబాద్",NA,"India",2020-06-01,65.97
"628","city","Hyderabad","walking","हैदराबाद|హైదరాబాద్",NA,"India",2020-06-02,64.96
"629","city","Hyderabad","walking","हैदराबाद|హైదరాబాద్",NA,"India",2020-06-03,67.04
"630","city","Hyderabad","walking","हैदराबाद|హైదరాబాద్",NA,"India",2020-06-04,63.48
"631","city","Hyderabad","walking","हैदराबाद|హైదరాబాద్",NA,"India",2020-06-05,73.81
"632","city","Hyderabad","walking","हैदराबाद|హైదరాబాద్",NA,"India",2020-06-06,77.38
"633","city","Hyderabad","walking","हैदराबाद|హైదరాబాద్",NA,"India",2020-06-07,72.86
"634","city","Hyderabad","walking","हैदराबाद|హైదరాబాద్",NA,"India",2020-06-08,63.72
"635","city","Hyderabad","walking","हैदराबाद|హైదరాబాద్",NA,"India",2020-06-09,65.26
"636","city","Hyderabad","walking","हैदराबाद|హైదరాబాద్",NA,"India",2020-06-10,63.48
"637","city","Hyderabad","walking","हैदराबाद|హైదరాబాద్",NA,"India",2020-06-11,70.55
"638","city","Hyderabad","walking","हैदराबाद|హైదరాబాద్",NA,"India",2020-06-12,79.16
"639","city","Hyderabad","walking","हैदराबाद|హైదరాబాద్",NA,"India",2020-06-13,80.52
"640","city","Hyderabad","walking","हैदराबाद|హైదరాబాద్",NA,"India",2020-06-14,66.86
"641","city","Hyderabad","walking","हैदराबाद|హైదరాబాద్",NA,"India",2020-06-15,70.96
"642","city","Hyderabad","walking","हैदराबाद|హైదరాబాద్",NA,"India",2020-06-16,69.18
"643","city","Hyderabad","walking","हैदराबाद|హైదరాబాద్",NA,"India",2020-06-17,68.65
"644","city","Hyderabad","walking","हैदराबाद|హైదరాబాద్",NA,"India",2020-06-18,72.33
"645","city","Hyderabad","walking","हैदराबाद|హైదరాబాద్",NA,"India",2020-06-19,77.73
"646","city","Hyderabad","walking","हैदराबाद|హైదరాబాద్",NA,"India",2020-06-20,60.75
"647","city","Hyderabad","walking","हैदराबाद|హైదరాబాద్",NA,"India",2020-06-21,61.82
"648","city","Hyderabad","walking","हैदराबाद|హైదరాబాద్",NA,"India",2020-06-22,78.44
"649","city","Mumbai","walking","मुंबई",NA,"India",2020-01-13,100
"650","city","Mumbai","walking","मुंबई",NA,"India",2020-01-14,97.79
"651","city","Mumbai","walking","मुंबई",NA,"India",2020-01-15,102.37
"652","city","Mumbai","walking","मुंबई",NA,"India",2020-01-16,100.11
"653","city","Mumbai","walking","मुंबई",NA,"India",2020-01-17,111.45
"654","city","Mumbai","walking","मुंबई",NA,"India",2020-01-18,121.4
"655","city","Mumbai","walking","मुंबई",NA,"India",2020-01-19,96.69
"656","city","Mumbai","walking","मुंबई",NA,"India",2020-01-20,108.75
"657","city","Mumbai","walking","मुंबई",NA,"India",2020-01-21,104.72
"658","city","Mumbai","walking","मुंबई",NA,"India",2020-01-22,101.41
"659","city","Mumbai","walking","मुंबई",NA,"India",2020-01-23,102.64
"660","city","Mumbai","walking","मुंबई",NA,"India",2020-01-24,101.63
"661","city","Mumbai","walking","मुंबई",NA,"India",2020-01-25,114.7
"662","city","Mumbai","walking","मुंबई",NA,"India",2020-01-26,94.77
"663","city","Mumbai","walking","मुंबई",NA,"India",2020-01-27,101.68
"664","city","Mumbai","walking","मुंबई",NA,"India",2020-01-28,99.52
"665","city","Mumbai","walking","मुंबई",NA,"India",2020-01-29,99.36
"666","city","Mumbai","walking","मुंबई",NA,"India",2020-01-30,108.27
"667","city","Mumbai","walking","मुंबई",NA,"India",2020-01-31,114.01
"668","city","Mumbai","walking","मुंबई",NA,"India",2020-02-01,114.89
"669","city","Mumbai","walking","मुंबई",NA,"India",2020-02-02,97.76
"670","city","Mumbai","walking","मुंबई",NA,"India",2020-02-03,95.92
"671","city","Mumbai","walking","मुंबई",NA,"India",2020-02-04,104.78
"672","city","Mumbai","walking","मुंबई",NA,"India",2020-02-05,101.17
"673","city","Mumbai","walking","मुंबई",NA,"India",2020-02-06,106.38
"674","city","Mumbai","walking","मुंबई",NA,"India",2020-02-07,117.08
"675","city","Mumbai","walking","मुंबई",NA,"India",2020-02-08,126.63
"676","city","Mumbai","walking","मुंबई",NA,"India",2020-02-09,105.87
"677","city","Mumbai","walking","मुंबई",NA,"India",2020-02-10,101.31
"678","city","Mumbai","walking","मुंबई",NA,"India",2020-02-11,98.99
"679","city","Mumbai","walking","मुंबई",NA,"India",2020-02-12,103.66
"680","city","Mumbai","walking","मुंबई",NA,"India",2020-02-13,106.64
"681","city","Mumbai","walking","मुंबई",NA,"India",2020-02-14,129.59
"682","city","Mumbai","walking","मुंबई",NA,"India",2020-02-15,123.45
"683","city","Mumbai","walking","मुंबई",NA,"India",2020-02-16,102.51
"684","city","Mumbai","walking","मुंबई",NA,"India",2020-02-17,104.75
"685","city","Mumbai","walking","मुंबई",NA,"India",2020-02-18,97.84
"686","city","Mumbai","walking","मुंबई",NA,"India",2020-02-19,104.24
"687","city","Mumbai","walking","मुंबई",NA,"India",2020-02-20,98
"688","city","Mumbai","walking","मुंबई",NA,"India",2020-02-21,107.5
"689","city","Mumbai","walking","मुंबई",NA,"India",2020-02-22,103.12
"690","city","Mumbai","walking","मुंबई",NA,"India",2020-02-23,94.96
"691","city","Mumbai","walking","मुंबई",NA,"India",2020-02-24,93.46
"692","city","Mumbai","walking","मुंबई",NA,"India",2020-02-25,94.26
"693","city","Mumbai","walking","मुंबई",NA,"India",2020-02-26,102.51
"694","city","Mumbai","walking","मुंबई",NA,"India",2020-02-27,95.25
"695","city","Mumbai","walking","मुंबई",NA,"India",2020-02-28,106.06
"696","city","Mumbai","walking","मुंबई",NA,"India",2020-02-29,109.31
"697","city","Mumbai","walking","मुंबई",NA,"India",2020-03-01,93.01
"698","city","Mumbai","walking","मुंबई",NA,"India",2020-03-02,97.97
"699","city","Mumbai","walking","मुंबई",NA,"India",2020-03-03,93.33
"700","city","Mumbai","walking","मुंबई",NA,"India",2020-03-04,92.82
"701","city","Mumbai","walking","मुंबई",NA,"India",2020-03-05,97.79
"702","city","Mumbai","walking","मुंबई",NA,"India",2020-03-06,101.09
"703","city","Mumbai","walking","मुंबई",NA,"India",2020-03-07,97.79
"704","city","Mumbai","walking","मुंबई",NA,"India",2020-03-08,86.93
"705","city","Mumbai","walking","मुंबई",NA,"India",2020-03-09,75.83
"706","city","Mumbai","walking","मुंबई",NA,"India",2020-03-10,74.76
"707","city","Mumbai","walking","मुंबई",NA,"India",2020-03-11,84.39
"708","city","Mumbai","walking","मुंबई",NA,"India",2020-03-12,86.39
"709","city","Mumbai","walking","मुंबई",NA,"India",2020-03-13,88.58
"710","city","Mumbai","walking","मुंबई",NA,"India",2020-03-14,75.45
"711","city","Mumbai","walking","मुंबई",NA,"India",2020-03-15,67.48
"712","city","Mumbai","walking","मुंबई",NA,"India",2020-03-16,65.05
"713","city","Mumbai","walking","मुंबई",NA,"India",2020-03-17,58.78
"714","city","Mumbai","walking","मुंबई",NA,"India",2020-03-18,55.71
"715","city","Mumbai","walking","मुंबई",NA,"India",2020-03-19,45.54
"716","city","Mumbai","walking","मुंबई",NA,"India",2020-03-20,33.72
"717","city","Mumbai","walking","मुंबई",NA,"India",2020-03-21,21.08
"718","city","Mumbai","walking","मुंबई",NA,"India",2020-03-22,16.7
"719","city","Mumbai","walking","मुंबई",NA,"India",2020-03-23,16.76
"720","city","Mumbai","walking","मुंबई",NA,"India",2020-03-24,14.59
"721","city","Mumbai","walking","मुंबई",NA,"India",2020-03-25,16.81
"722","city","Mumbai","walking","मुंबई",NA,"India",2020-03-26,20.3
"723","city","Mumbai","walking","मुंबई",NA,"India",2020-03-27,21.18
"724","city","Mumbai","walking","मुंबई",NA,"India",2020-03-28,17.88
"725","city","Mumbai","walking","मुंबई",NA,"India",2020-03-29,17.5
"726","city","Mumbai","walking","मुंबई",NA,"India",2020-03-30,15.42
"727","city","Mumbai","walking","मुंबई",NA,"India",2020-03-31,15.15
"728","city","Mumbai","walking","मुंबई",NA,"India",2020-04-01,14.81
"729","city","Mumbai","walking","मुंबई",NA,"India",2020-04-02,13.98
"730","city","Mumbai","walking","मुंबई",NA,"India",2020-04-03,14.22
"731","city","Mumbai","walking","मुंबई",NA,"India",2020-04-04,12.57
"732","city","Mumbai","walking","मुंबई",NA,"India",2020-04-05,14.94
"733","city","Mumbai","walking","मुंबई",NA,"India",2020-04-06,13.79
"734","city","Mumbai","walking","मुंबई",NA,"India",2020-04-07,13.34
"735","city","Mumbai","walking","मुंबई",NA,"India",2020-04-08,13.85
"736","city","Mumbai","walking","मुंबई",NA,"India",2020-04-09,14.14
"737","city","Mumbai","walking","मुंबई",NA,"India",2020-04-10,13.39
"738","city","Mumbai","walking","मुंबई",NA,"India",2020-04-11,15.26
"739","city","Mumbai","walking","मुंबई",NA,"India",2020-04-12,15.23
"740","city","Mumbai","walking","मुंबई",NA,"India",2020-04-13,15.61
"741","city","Mumbai","walking","मुंबई",NA,"India",2020-04-14,14.38
"742","city","Mumbai","walking","मुंबई",NA,"India",2020-04-15,15.07
"743","city","Mumbai","walking","मुंबई",NA,"India",2020-04-16,14.75
"744","city","Mumbai","walking","मुंबई",NA,"India",2020-04-17,12.83
"745","city","Mumbai","walking","मुंबई",NA,"India",2020-04-18,13.26
"746","city","Mumbai","walking","मुंबई",NA,"India",2020-04-19,14.81
"747","city","Mumbai","walking","मुंबई",NA,"India",2020-04-20,15.45
"748","city","Mumbai","walking","मुंबई",NA,"India",2020-04-21,14.97
"749","city","Mumbai","walking","मुंबई",NA,"India",2020-04-22,14.91
"750","city","Mumbai","walking","मुंबई",NA,"India",2020-04-23,14.33
"751","city","Mumbai","walking","मुंबई",NA,"India",2020-04-24,15.26
"752","city","Mumbai","walking","मुंबई",NA,"India",2020-04-25,13.42
"753","city","Mumbai","walking","मुंबई",NA,"India",2020-04-26,16.22
"754","city","Mumbai","walking","मुंबई",NA,"India",2020-04-27,16.6
"755","city","Mumbai","walking","मुंबई",NA,"India",2020-04-28,17.24
"756","city","Mumbai","walking","मुंबई",NA,"India",2020-04-29,17.08
"757","city","Mumbai","walking","मुंबई",NA,"India",2020-04-30,15.29
"758","city","Mumbai","walking","मुंबई",NA,"India",2020-05-01,16.33
"759","city","Mumbai","walking","मुंबई",NA,"India",2020-05-02,15.85
"760","city","Mumbai","walking","मुंबई",NA,"India",2020-05-03,19.9
"761","city","Mumbai","walking","मुंबई",NA,"India",2020-05-04,21.21
"762","city","Mumbai","walking","मुंबई",NA,"India",2020-05-05,17.24
"763","city","Mumbai","walking","मुंबई",NA,"India",2020-05-06,18.2
"764","city","Mumbai","walking","मुंबई",NA,"India",2020-05-07,19.58
"765","city","Mumbai","walking","मुंबई",NA,"India",2020-05-08,23.48
"766","city","Mumbai","walking","मुंबई",NA,"India",2020-05-09,22.63
"767","city","Mumbai","walking","मुंबई",NA,"India",2020-05-10,18.78
"768","city","Mumbai","walking","मुंबई",NA,"India",2020-05-11,NA
"769","city","Mumbai","walking","मुंबई",NA,"India",2020-05-12,NA
"770","city","Mumbai","walking","मुंबई",NA,"India",2020-05-13,21.02
"771","city","Mumbai","walking","मुंबई",NA,"India",2020-05-14,20.12
"772","city","Mumbai","walking","मुंबई",NA,"India",2020-05-15,18.09
"773","city","Mumbai","walking","मुंबई",NA,"India",2020-05-16,18.2
"774","city","Mumbai","walking","मुंबई",NA,"India",2020-05-17,19.61
"775","city","Mumbai","walking","मुंबई",NA,"India",2020-05-18,20.57
"776","city","Mumbai","walking","मुंबई",NA,"India",2020-05-19,18.76
"777","city","Mumbai","walking","मुंबई",NA,"India",2020-05-20,18.92
"778","city","Mumbai","walking","मुंबई",NA,"India",2020-05-21,18.46
"779","city","Mumbai","walking","मुंबई",NA,"India",2020-05-22,17.42
"780","city","Mumbai","walking","मुंबई",NA,"India",2020-05-23,17.61
"781","city","Mumbai","walking","मुंबई",NA,"India",2020-05-24,15.31
"782","city","Mumbai","walking","मुंबई",NA,"India",2020-05-25,15.88
"783","city","Mumbai","walking","मुंबई",NA,"India",2020-05-26,20.44
"784","city","Mumbai","walking","मुंबई",NA,"India",2020-05-27,18.33
"785","city","Mumbai","walking","मुंबई",NA,"India",2020-05-28,19
"786","city","Mumbai","walking","मुंबई",NA,"India",2020-05-29,18.41
"787","city","Mumbai","walking","मुंबई",NA,"India",2020-05-30,18.12
"788","city","Mumbai","walking","मुंबई",NA,"India",2020-05-31,20.25
"789","city","Mumbai","walking","मुंबई",NA,"India",2020-06-01,20.94
"790","city","Mumbai","walking","मुंबई",NA,"India",2020-06-02,18.6
"791","city","Mumbai","walking","मुंबई",NA,"India",2020-06-03,14.62
"792","city","Mumbai","walking","मुंबई",NA,"India",2020-06-04,23.45
"793","city","Mumbai","walking","मुंबई",NA,"India",2020-06-05,23.32
"794","city","Mumbai","walking","मुंबई",NA,"India",2020-06-06,23.05
"795","city","Mumbai","walking","मुंबई",NA,"India",2020-06-07,21.91
"796","city","Mumbai","walking","मुंबई",NA,"India",2020-06-08,28.15
"797","city","Mumbai","walking","मुंबई",NA,"India",2020-06-09,29.16
"798","city","Mumbai","walking","मुंबई",NA,"India",2020-06-10,27.69
"799","city","Mumbai","walking","मुंबई",NA,"India",2020-06-11,27.13
"800","city","Mumbai","walking","मुंबई",NA,"India",2020-06-12,30.18
"801","city","Mumbai","walking","मुंबई",NA,"India",2020-06-13,31.86
"802","city","Mumbai","walking","मुंबई",NA,"India",2020-06-14,26.15
"803","city","Mumbai","walking","मुंबई",NA,"India",2020-06-15,27.11
"804","city","Mumbai","walking","मुंबई",NA,"India",2020-06-16,27.05
"805","city","Mumbai","walking","मुंबई",NA,"India",2020-06-17,29.38
"806","city","Mumbai","walking","मुंबई",NA,"India",2020-06-18,25
"807","city","Mumbai","walking","मुंबई",NA,"India",2020-06-19,32.9
"808","city","Mumbai","walking","मुंबई",NA,"India",2020-06-20,25.53
"809","city","Mumbai","walking","मुंबई",NA,"India",2020-06-21,28.9
"810","city","Mumbai","walking","मुंबई",NA,"India",2020-06-22,35.81
"811","city","Pune","walking","पुणे|पुना",NA,"India",2020-01-13,100
"812","city","Pune","walking","पुणे|पुना",NA,"India",2020-01-14,101.59
"813","city","Pune","walking","पुणे|पुना",NA,"India",2020-01-15,111.06
"814","city","Pune","walking","पुणे|पुना",NA,"India",2020-01-16,110.16
"815","city","Pune","walking","पुणे|पुना",NA,"India",2020-01-17,107.27
"816","city","Pune","walking","पुणे|पुना",NA,"India",2020-01-18,142.23
"817","city","Pune","walking","पुणे|पुना",NA,"India",2020-01-19,124.6
"818","city","Pune","walking","पुणे|पुना",NA,"India",2020-01-20,100.2
"819","city","Pune","walking","पुणे|पुना",NA,"India",2020-01-21,101.39
"820","city","Pune","walking","पुणे|पुना",NA,"India",2020-01-22,107.17
"821","city","Pune","walking","पुणे|पुना",NA,"India",2020-01-23,103.39
"822","city","Pune","walking","पुणे|पुना",NA,"India",2020-01-24,115.24
"823","city","Pune","walking","पुणे|पुना",NA,"India",2020-01-25,130.48
"824","city","Pune","walking","पुणे|पुना",NA,"India",2020-01-26,110.96
"825","city","Pune","walking","पुणे|पुना",NA,"India",2020-01-27,100.6
"826","city","Pune","walking","पुणे|पुना",NA,"India",2020-01-28,108.47
"827","city","Pune","walking","पुणे|पुना",NA,"India",2020-01-29,106.97
"828","city","Pune","walking","पुणे|पुना",NA,"India",2020-01-30,106.08
"829","city","Pune","walking","पुणे|पुना",NA,"India",2020-01-31,126
"830","city","Pune","walking","पुणे|पुना",NA,"India",2020-02-01,125.2
"831","city","Pune","walking","पुणे|पुना",NA,"India",2020-02-02,117.43
"832","city","Pune","walking","पुणे|पुना",NA,"India",2020-02-03,112.75
"833","city","Pune","walking","पुणे|पुना",NA,"India",2020-02-04,124.6
"834","city","Pune","walking","पुणे|पुना",NA,"India",2020-02-05,107.67
"835","city","Pune","walking","पुणे|पुना",NA,"India",2020-02-06,121.22
"836","city","Pune","walking","पुणे|पुना",NA,"India",2020-02-07,134.36
"837","city","Pune","walking","पुणे|पुना",NA,"India",2020-02-08,138.15
"838","city","Pune","walking","पुणे|पुना",NA,"India",2020-02-09,114.74
"839","city","Pune","walking","पुणे|पुना",NA,"India",2020-02-10,105.88
"840","city","Pune","walking","पुणे|पुना",NA,"India",2020-02-11,110.26
"841","city","Pune","walking","पुणे|पुना",NA,"India",2020-02-12,108.47
"842","city","Pune","walking","पुणे|पुना",NA,"India",2020-02-13,111.55
"843","city","Pune","walking","पुणे|पुना",NA,"India",2020-02-14,123.21
"844","city","Pune","walking","पुणे|पुना",NA,"India",2020-02-15,132.87
"845","city","Pune","walking","पुणे|पुना",NA,"India",2020-02-16,129.78
"846","city","Pune","walking","पुणे|पुना",NA,"India",2020-02-17,119.52
"847","city","Pune","walking","पुणे|पुना",NA,"India",2020-02-18,105.68
"848","city","Pune","walking","पुणे|पुना",NA,"India",2020-02-19,103.69
"849","city","Pune","walking","पुणे|पुना",NA,"India",2020-02-20,104.88
"850","city","Pune","walking","पुणे|पुना",NA,"India",2020-02-21,110.36
"851","city","Pune","walking","पुणे|पुना",NA,"India",2020-02-22,121.91
"852","city","Pune","walking","पुणे|पुना",NA,"India",2020-02-23,112.55
"853","city","Pune","walking","पुणे|पुना",NA,"India",2020-02-24,107.07
"854","city","Pune","walking","पुणे|पुना",NA,"India",2020-02-25,105.68
"855","city","Pune","walking","पुणे|पुना",NA,"India",2020-02-26,111.16
"856","city","Pune","walking","पुणे|पुना",NA,"India",2020-02-27,97.61
"857","city","Pune","walking","पुणे|पुना",NA,"India",2020-02-28,113.94
"858","city","Pune","walking","पुणे|पुना",NA,"India",2020-02-29,118.53
"859","city","Pune","walking","पुणे|पुना",NA,"India",2020-03-01,111.06
"860","city","Pune","walking","पुणे|पुना",NA,"India",2020-03-02,103.49
"861","city","Pune","walking","पुणे|पुना",NA,"India",2020-03-03,98.41
"862","city","Pune","walking","पुणे|पुना",NA,"India",2020-03-04,96.91
"863","city","Pune","walking","पुणे|पुना",NA,"India",2020-03-05,98.11
"864","city","Pune","walking","पुणे|पुना",NA,"India",2020-03-06,115.34
"865","city","Pune","walking","पुणे|पुना",NA,"India",2020-03-07,124.9
"866","city","Pune","walking","पुणे|पुना",NA,"India",2020-03-08,98.9
"867","city","Pune","walking","पुणे|पुना",NA,"India",2020-03-09,87.65
"868","city","Pune","walking","पुणे|पुना",NA,"India",2020-03-10,88.55
"869","city","Pune","walking","पुणे|पुना",NA,"India",2020-03-11,93.23
"870","city","Pune","walking","पुणे|पुना",NA,"India",2020-03-12,89.34
"871","city","Pune","walking","पुणे|पुना",NA,"India",2020-03-13,88.05
"872","city","Pune","walking","पुणे|पुना",NA,"India",2020-03-14,101.1
"873","city","Pune","walking","पुणे|पुना",NA,"India",2020-03-15,82.97
"874","city","Pune","walking","पुणे|पुना",NA,"India",2020-03-16,74.1
"875","city","Pune","walking","पुणे|पुना",NA,"India",2020-03-17,52.29
"876","city","Pune","walking","पुणे|पुना",NA,"India",2020-03-18,51.79
"877","city","Pune","walking","पुणे|पुना",NA,"India",2020-03-19,43.43
"878","city","Pune","walking","पुणे|पुना",NA,"India",2020-03-20,40.34
"879","city","Pune","walking","पुणे|पुना",NA,"India",2020-03-21,20.72
"880","city","Pune","walking","पुणे|पुना",NA,"India",2020-03-22,18.03
"881","city","Pune","walking","पुणे|पुना",NA,"India",2020-03-23,21.91
"882","city","Pune","walking","पुणे|पुना",NA,"India",2020-03-24,13.94
"883","city","Pune","walking","पुणे|पुना",NA,"India",2020-03-25,16.83
"884","city","Pune","walking","पुणे|पुना",NA,"India",2020-03-26,20.42
"885","city","Pune","walking","पुणे|पुना",NA,"India",2020-03-27,22.41
"886","city","Pune","walking","पुणे|पुना",NA,"India",2020-03-28,20.82
"887","city","Pune","walking","पुणे|पुना",NA,"India",2020-03-29,22.31
"888","city","Pune","walking","पुणे|पुना",NA,"India",2020-03-30,18.92
"889","city","Pune","walking","पुणे|पुना",NA,"India",2020-03-31,17.73
"890","city","Pune","walking","पुणे|पुना",NA,"India",2020-04-01,14.74
"891","city","Pune","walking","पुणे|पुना",NA,"India",2020-04-02,16.43
"892","city","Pune","walking","पुणे|पुना",NA,"India",2020-04-03,14.54
"893","city","Pune","walking","पुणे|पुना",NA,"India",2020-04-04,14.74
"894","city","Pune","walking","पुणे|पुना",NA,"India",2020-04-05,17.53
"895","city","Pune","walking","पुणे|पुना",NA,"India",2020-04-06,12.05
"896","city","Pune","walking","पुणे|पुना",NA,"India",2020-04-07,14.24
"897","city","Pune","walking","पुणे|पुना",NA,"India",2020-04-08,12.95
"898","city","Pune","walking","पुणे|पुना",NA,"India",2020-04-09,16.24
"899","city","Pune","walking","पुणे|पुना",NA,"India",2020-04-10,14.54
"900","city","Pune","walking","पुणे|पुना",NA,"India",2020-04-11,18.73
"901","city","Pune","walking","पुणे|पुना",NA,"India",2020-04-12,19.42
"902","city","Pune","walking","पुणे|पुना",NA,"India",2020-04-13,14.84
"903","city","Pune","walking","पुणे|पुना",NA,"India",2020-04-14,17.23
"904","city","Pune","walking","पुणे|पुना",NA,"India",2020-04-15,17.13
"905","city","Pune","walking","पुणे|पुना",NA,"India",2020-04-16,16.04
"906","city","Pune","walking","पुणे|पुना",NA,"India",2020-04-17,18.63
"907","city","Pune","walking","पुणे|पुना",NA,"India",2020-04-18,15.14
"908","city","Pune","walking","पुणे|पुना",NA,"India",2020-04-19,20.02
"909","city","Pune","walking","पुणे|पुना",NA,"India",2020-04-20,16.14
"910","city","Pune","walking","पुणे|पुना",NA,"India",2020-04-21,17.63
"911","city","Pune","walking","पुणे|पुना",NA,"India",2020-04-22,16.63
"912","city","Pune","walking","पुणे|पुना",NA,"India",2020-04-23,17.73
"913","city","Pune","walking","पुणे|पुना",NA,"India",2020-04-24,15.94
"914","city","Pune","walking","पुणे|पुना",NA,"India",2020-04-25,15.24
"915","city","Pune","walking","पुणे|पुना",NA,"India",2020-04-26,17.43
"916","city","Pune","walking","पुणे|पुना",NA,"India",2020-04-27,14.24
"917","city","Pune","walking","पुणे|पुना",NA,"India",2020-04-28,23.61
"918","city","Pune","walking","पुणे|पुना",NA,"India",2020-04-29,20.52
"919","city","Pune","walking","पुणे|पुना",NA,"India",2020-04-30,21.22
"920","city","Pune","walking","पुणे|पुना",NA,"India",2020-05-01,19.22
"921","city","Pune","walking","पुणे|पुना",NA,"India",2020-05-02,18.03
"922","city","Pune","walking","पुणे|पुना",NA,"India",2020-05-03,24.3
"923","city","Pune","walking","पुणे|पुना",NA,"India",2020-05-04,21.51
"924","city","Pune","walking","पुणे|पुना",NA,"India",2020-05-05,27.19
"925","city","Pune","walking","पुणे|पुना",NA,"India",2020-05-06,22.31
"926","city","Pune","walking","पुणे|पुना",NA,"India",2020-05-07,24.1
"927","city","Pune","walking","पुणे|पुना",NA,"India",2020-05-08,30.78
"928","city","Pune","walking","पुणे|पुना",NA,"India",2020-05-09,26.89
"929","city","Pune","walking","पुणे|पुना",NA,"India",2020-05-10,21.81
"930","city","Pune","walking","पुणे|पुना",NA,"India",2020-05-11,NA
"931","city","Pune","walking","पुणे|पुना",NA,"India",2020-05-12,NA
"932","city","Pune","walking","पुणे|पुना",NA,"India",2020-05-13,24.8
"933","city","Pune","walking","पुणे|पुना",NA,"India",2020-05-14,26.99
"934","city","Pune","walking","पुणे|पुना",NA,"India",2020-05-15,22.11
"935","city","Pune","walking","पुणे|पुना",NA,"India",2020-05-16,25.6
"936","city","Pune","walking","पुणे|पुना",NA,"India",2020-05-17,23.51
"937","city","Pune","walking","पुणे|पुना",NA,"India",2020-05-18,24
"938","city","Pune","walking","पुणे|पुना",NA,"India",2020-05-19,25.9
"939","city","Pune","walking","पुणे|पुना",NA,"India",2020-05-20,25.8
"940","city","Pune","walking","पुणे|पुना",NA,"India",2020-05-21,27.79
"941","city","Pune","walking","पुणे|पुना",NA,"India",2020-05-22,27.69
"942","city","Pune","walking","पुणे|पुना",NA,"India",2020-05-23,22.51
"943","city","Pune","walking","पुणे|पुना",NA,"India",2020-05-24,34.96
"944","city","Pune","walking","पुणे|पुना",NA,"India",2020-05-25,27.79
"945","city","Pune","walking","पुणे|पुना",NA,"India",2020-05-26,31.57
"946","city","Pune","walking","पुणे|पुना",NA,"India",2020-05-27,32.47
"947","city","Pune","walking","पुणे|पुना",NA,"India",2020-05-28,32.67
"948","city","Pune","walking","पुणे|पुना",NA,"India",2020-05-29,39.64
"949","city","Pune","walking","पुणे|पुना",NA,"India",2020-05-30,31.57
"950","city","Pune","walking","पुणे|पुना",NA,"India",2020-05-31,28.78
"951","city","Pune","walking","पुणे|पुना",NA,"India",2020-06-01,28.59
"952","city","Pune","walking","पुणे|पुना",NA,"India",2020-06-02,26.99
"953","city","Pune","walking","पुणे|पुना",NA,"India",2020-06-03,31.67
"954","city","Pune","walking","पुणे|पुना",NA,"India",2020-06-04,31.27
"955","city","Pune","walking","पुणे|पुना",NA,"India",2020-06-05,37.15
"956","city","Pune","walking","पुणे|पुना",NA,"India",2020-06-06,40.34
"957","city","Pune","walking","पुणे|पुना",NA,"India",2020-06-07,40.14
"958","city","Pune","walking","पुणे|पुना",NA,"India",2020-06-08,50.7
"959","city","Pune","walking","पुणे|पुना",NA,"India",2020-06-09,39.74
"960","city","Pune","walking","पुणे|पुना",NA,"India",2020-06-10,45.52
"961","city","Pune","walking","पुणे|पुना",NA,"India",2020-06-11,47.61
"962","city","Pune","walking","पुणे|पुना",NA,"India",2020-06-12,48.9
"963","city","Pune","walking","पुणे|पुना",NA,"India",2020-06-13,42.33
"964","city","Pune","walking","पुणे|पुना",NA,"India",2020-06-14,46.12
"965","city","Pune","walking","पुणे|पुना",NA,"India",2020-06-15,56.47
"966","city","Pune","walking","पुणे|पुना",NA,"India",2020-06-16,44.02
"967","city","Pune","walking","पुणे|पुना",NA,"India",2020-06-17,43.03
"968","city","Pune","walking","पुणे|पुना",NA,"India",2020-06-18,40.24
"969","city","Pune","walking","पुणे|पुना",NA,"India",2020-06-19,48.71
"970","city","Pune","walking","पुणे|पुना",NA,"India",2020-06-20,38.45
"971","city","Pune","walking","पुणे|पुना",NA,"India",2020-06-21,49.2
"972","city","Pune","walking","पुणे|पुना",NA,"India",2020-06-22,53.59
